<?xml version="1.0" encoding="UTF-8"?>
<project-private xmlns="http://www.netbeans.org/ns/project-private/1">
    <editor-bookmarks xmlns="http://www.netbeans.org/ns/editor-bookmarks/2" lastBookmarkId="0"/>
    <open-files xmlns="http://www.netbeans.org/ns/projectui-open-files/2">
        <group>
            <file>file:/D:/ASM1_DataStructures_Algorithms/src/asm1_datastructures_algorithms/Student.java</file>
            <file>file:/D:/ASM1_DataStructures_Algorithms/src/asm1_datastructures_algorithms/Main.java</file>
            <file>file:/D:/ASM1_DataStructures_Algorithms/src/asm1_datastructures_algorithms/StudentInformationSystem.java</file>
            <file>file:/D:/ASM1_DataStructures_Algorithms/src/asm1_datastructures_algorithms/ASM1_DataStructures_Algorithms.java</file>
        </group>
    </open-files>
</project-private>
